Wallet_Name,Address
4,addr1q8d9h8tzr27ah58u3agxz2paxsum7kgjuvd5az4x9zfcafdcmyxtv68ms7g3shgw0rdq53n5m73pzrv4x5vqla9jp3aqmcgfyc
6,addr1q8qgusassujjxxvk4jzccuqs20kmadut3v6l2ggt7t0ylpfnr2vjat9dna46qdql3anu0flseenqs9tkrgcq804fl28q2jlq4m
6,addr1q8dn6faxythtlu0wpusq9c8kl4xfurdpcukhnxa9yvlg7x4g9ra7fmm7fmcdzqj9v79sa7d4r4ge3u4gdqqf86zwg0wsvzvajl
6,addr1qyzspd3s2m8ylkq49wrzy6c5zzu9ew6z8wsuuc548jp73hju5pk5jc33heepy2xp5kt3mhu5vnztga6ql82r2h7wrrws65nuvh
6,addr1q89hghzd6svujf605j6eha6tuuamay35z4ltjh9swdkxrsk7mtxvy3xj2wt7ckd5sef7flw8adq6tfqpuuth5wu3p93q3de99n
6,addr1qx2zm8txgvt3xfk9vly8qcuy998jpavcc394j9vxarl42c8tc7ajag0r9k8lreejkfjweww5y4v2kyrw3um74n4vcfzqxy3s73
6,addr1qxa6s5xmq53m9t0a5pzuqkh24zd2xja537wwgfdr9fea39u9dq952dmftmk4apuu6msx3u3vv98qgkk2hfqy6kxely5s9a4kxw
6,addr1qx28psgtffsjlev2symxymyccxnzt22q7kkvtah6pf67y0us66latz6mqect5pdrsvyt2nrsffcevdmvvtsaflhw9hwq60mkn9
6,addr1qxfvn20h8z7rz5hqmqs2v3ds8prd7ldw7f8hgfh9asp68tscrwmfu2t2gkjzvwlwkegzln0l7l2cad7a6hy80c6uqnqsuzhel3
6,addr1q99sr9x0mzd7qwaq60pulnnwu9l5q5kdyq574dhg2fj9pl0vlvm862q2d9j4srevfy6ydtzthjtse99svh6sgy898hvs9mrrxa
6,addr1qxww03fcq5h0q5l599zv3gzxnv5htwqa9cm0ah8dddaddf4kwlye6pac0vf9ssgvw90yjmymnmqqvz2678eagyjha9cqzull44
6,addr1q9fanmrxwhd5uc2mkjwswea7enjzfwc6sq450wfmllla0gjzq9f6sqdp320j8wzhsas2k55xshym8ypfqaqa590wjdxqvyj6jy
6,addr1qxwnc6qmplqrs7s02de6gh0yggmf855pk8w90asqwlxjqkgkysg9w5yw9yxkvre37jrh7r4arparmsysxp2ksc3xc7ps45v02p
6,addr1q9v7ku50l8644rugfnq4ej4lj8cw3qy32jstmwnac7qhrqgt3alzmytesfhgsjkd5dyfkjpq7wgnutuzuxrwl50e42fsnex7jf
6,addr1qxc7c63vnsae684hd07j3lmq0jaytgywpkpnqvl0fkctxlqhczwk0x0wcs459k2rwx6sszjahkfj4803tse5lxlj07zsrd63tg
6,addr1q805hxj82z9juqv4pceg8zs37amhrsv7nqszhguqlpx2q6hqvvaml8kp5zp2el44rff857t9ecacxk7p03jaqllxdxkqw2tzqs
6,addr1q9mlt7w4n7q3nvuqjvl22gv8mmug8z6svc8cav6cpc23dwkfwf9j37nm7zxnnjwrnm0rpp4sd7ge67j6kulln23ez0dqjc8e6t
6,addr1qxamcfhkhcjvh9ehk9tlk66wq09krygujruu3r0u2jshs3cpkgpnemz8h77smdgclw8ysxpnn54udsqj3ykzprwe52xqkujv5e
6,addr1qyrfjcd9jp0wxsw0n9pg6eqlctt40y6srls253w0km38fg24kfynd2mj390exwwu9w43zasuse59mruusfpn9ftty6hs2q0dce
3,addr1q8rt6qsshfzvaf87uaan8pnzp52dw0ccd8a36xqarsqnq4ej3dn9y769fhc30nyjz5jvce30qger08dakv9ahvsz7z7qvvdud5
3,addr1qxa9zcg7jh9dgnyf3cjhnxvmlrper2tpxeq6h2w5gtxu6dhjjnuewzx496x95w36qrleplzmlz49ghv9u53l7wtzuhas649ueg
3,addr1qxt7nwdlwa9fem6jet8sh8gr28flqamw5gde0rzrzmft7tcnrw63tlw2ewqeyetq4htllz2sh3039gzj4yjwaumzqw9qfacdny
9,addr1q9dqgqhu8ttyhf0enfusg4fkygtqval0s2xpgxdrf7ckynf9gunsnsr09eqgz2q68umjjwfwfu9hazps5d7dag35q6tsccehen
3,addr1q9scy5n0c60rcwlrezlevv5alufuz4zvslq0xsw4pqw42j67t0jzshgjcpsun995anc2z9v3c2szl8ypjpz5lpqmelzse7rq22
3,addr1qycs80xrprcv7m7j3tpcc6ana0umuln9ck3jhzxxndf0fl3nu3jf330pa3a8zfshqte5v9ruuyusqy620xvjzugfavrq0kjgl7
3,addr1qxt7lxrrgu3jtn0y02dxy6ldlyge29nucvwtumdkcmvmmlr0dvc22fhmmpwa3vnjttgcg64yf8lx2ft6ajvx66p9fvwquc26lc
3,addr1q9y3sp8dz49vtdnj4dr2cv0ecwue2832egv2w5pwd703qqn2rdw54ml7t8mtwq8zynlgk00uv69rheapczgukvu4ve0qgtdld9
3,addr1q8targxa4klly3w0ndcr3fafasgn0py300n3aqxvg2qkkqs7p4dt4d2rw4xn6g02rj3gln5962xvq24htfgn23ue488se4s646
3,addr1q8pkhdl7c4862ea4w2hpwymacl0pq5266lg07wqq66pghey20ygh3zzt297fenswtdzvya6gdf6u8equn7aqkhxf6jks5xlrea
3,addr1qxjjc2j0pqknlkvfasg69p6anphr7wv3wlmf8vy8ujv4kt2xq6mqs085wvu2u73rwf93ln22hupvpwvv9g8hkez3vvuq4el4fl
3,addr1q8g222urlc5zsmy2er6nhvfumce27wsrtyg9apeh3c89zk7njlyd9xhhj4wutyknfpse5t02etpz9a6xn0ut9vaux3fs9j64rl
3,addr1q9e98kdczpam4n72dtsf8jyl4hycmee6h3q2gcqhjuuu5rd36dpfzxuhrhapwvk9zm7whg2ws93rl3z0m8322gtkvpjqazjvx3
3,addr1q8plqkkq36hxl3rpu73fwmgyfmyhh48tgpldk0l4jyfl0gz4cmnan8wyadvqc639tugats2xne56255wu402tg78lyaqh5k7zj
3,addr1q9my6guuw4a86zt5rx75madcch2r247aw2x6fz072wxz4m4qkrnug2a0c5ncjh4ttcd7xwwaesx7zav9x5ct72cxx3qq5vjfsn
3,addr1q8yk5rwyfhcn860d306aj2tel2jyd2p56qvxh43den7rmxyg9ltl9vwspgyq9a4q9n4a9cncfgj020j022vrvrqup2zs4v0tac
1,addr1qxsqgx42gn7ncn2w3dugq9vrg6e58aayfny35yjsqhu9ttsuk0j4vljjx00e4mxrm7rw95yng3xeg5rzpg5elm0g66fszc5a66
1,addr1q80n57u697n8lwkuy3ehhqzudk6pr65dcvj2hacn3h06ahz4f93920qmtw4zam2yzshzg9mdarqec3h7klpyrg50n5vsyqvkae
1,addr1q82unatay9h2mpwfapmccav860u52wwta70xxz4gjkfu0r6rkjwpktsg4mgynfxcxf7690dl0hvn8kumr9q295y4nzkqwwfuup
1,addr1qyy4rxmujjrvuxcm59ckuy5a69fugtrmkcmg88ykcrd4h2szt5k4xudam5wyv0fwzk3lh8s88vktjkr2crwqcp8yt23qpj7f4f
1,addr1qyhaucee4f3j64ar72ckmrudsx6yhhsc86kpdkpv23ptsuc4j8s42autt6hkww09fgqqkp7pta8dmv2aee4sxklrptusdpx0u5
1,addr1q9vxk3c0vxgvs769cmx4c0x0438uz9yc0fp3rsfwp6f4q7fa9l38tx4lv768nw3neufjq3240yer0u77fvaylwe5u6eq6ehv4l
1,addr1qy6ezshna4dherlsgxfkjzjyrnnqtn5888ml0cg3awknxg8hd90lw084gm7sh3axznlxlwsksns63jr73rvkuszp905q5ad9u9
1,addr1qx3gt3a09qxg4lueh7yutz9jywng82vwjxhe0n7y0sa4sv8teeqkztvp4g5eq266kfndnfaafq80t3wvvaafcqgtazpslqh0q2
1,addr1qyrslglcfrp2rrm7x962vrzcgzyvu25kr0g0nnng4pumzjq82ctjf59z9g6gn0zjzr9al2ady0qphkaylnudcg289ehqx2ar4c
1,addr1q9tscdzevtyf83y6cndt9fddcf777l9vl969k5ud9ur99ex80td29e8q6tdqalz4v0qa29ddqfn5ll7u7k5lp0r3a27qcfwq0e
1,addr1q8nre6qp0292uqz5wk6ajma656dku0ykd7vzqnn8xttqy2nhleu8ps6y2j8n2fha73ku7h5s9kah4l3dlzrsw0yxvqmscz9s4v
1,addr1qx4q63fk7884p4tu42gceapc0hac54x9pu9pccdfgrgg27wkwvzs425tuq9k4rq6lkv2exadce4te4qjxzzrdqk3x3mqnv8pjl
1,addr1q9rrnp8ulev8r65rjwpyjvts4gf9t8pllxlxjadd76wy34d7wra9ez08wgs8wsqu6knduzanfkw0xzfekvfjrmmrwrws4elpy8
1,addr1qx9cvy2heg6dq3vezw89zg93twyljjjk9tkfen2ke2ktxgqxtdj8du87ewv8qesyjcfppcpaxg74h8y976wy92wtm52s064e8t
1,addr1qyy9jyz4tm50v6fdfe3vsr4v2ggngvfekqtj2evghh80886wnfry5aeh8hj8tg78wx7aqzgm77u093z65wky7zq6kwjqpwcmat
1,addr1q88jlvxauae2h6peldsqr78g7ay2ykzuu6fnez35gz2mun3gkl3x6exphtgewmfq6eqajyp70cwkz7j5kvg9ecax5a7qmvwfam
1,addr1qxep2kkqj2lz4g9983m43s959xm9dl3xnld57ekleqm4mnj9yxxv3s92phg0zfqxwvvx9529s00a7n0fz2ndqw08l5qsygekwe
1,addr1qy78p88pwjpw0cnevu9lg80dys4hk2ugceqcyfztrpl572upkcuem0zt0m68ejx8pmzy6v6uqxze5cylmauqc5m8s2lqjgds32
1,addr1q8wuqvfdtgfztnkp2sqhlvgfpej0l02v029clu6fcr5zwthknyn0gejmh4vem4tljn0ea0kknqaz34lgmgkmywjzs3sq3retkj
1,addr1q9evgpf7ampkpuyc69tehq8tjzpr5llsennl8nuuhxdq5c0a9qj20revwmmgglsukpn07n9pgkzew57hq0tka9k7xyjqawztz9
9,addr1qxmzw262h42whql94cunmfxc30vea34qc5kndeeutswhurq6jqu6rysfpp3yl27pkuxcnyqg5uy5cag76yjg93nj526qg4npdj
1,addr1qxvz38a36jqv44ypqu8xlvz9sr82wx5xjz3rzhfru2s5737wjt7g3v9ryrh7mj89785d2g438jzk82wm7yn6fnr24qlse4fc3f
9,addr1q9upa2jcull6d58efxfstwl7u82xuxam0p0ns8ppm69hw6pg044dqg89hqyjq6hm2339750rx9lq34jkp0gtp76rdapqzyf9gf
9,addr1qxz9r82e9mr6psqjrgrdw4dfgxc5epp83ctq42ykp996fg57w29nmkrgwv4mmakq0kfqa7d4tfp5kkld9s65vnzzjkfslvfujp
1,addr1q89gq9df3dmw7gwrp9x357w87dppmaefu6vhc5m58u22sh6em0puga39x0j6040l3hht6hyzfcd7dzq6mx3cphaualvqyq9zkn
1,addr1qy2z5adp8vxdy2n4xgyj7dr03g7l3vv8zdpdc8nraa8s7x2tnj26jsdl5mtv7jadrklj8ftcga33kugfp0apq9fjy6fs4e68ny
9,addr1qyh9dzy40pwj5ez0ynvjaptvvdf0fgg238k84gn4y3kfwq6gehwc3pz9kjy36rkvwdwhqchkxl5cj2myxhrh97vej9hssz6szc
1,addr1qy33dmg5z27mytfejg2r8mfugc4zsjuqhspcy5r7hanzalurnjfkdapqv3zfhdln5khwmjuvms8wt4dg4q3802mdahaqjf5wf4
1,addr1qymg695ygj50g720zk7ggv902evgpawqn7ruz0n85dgtc709as9f8dny77s664cnm0lyhgyxa0zxtlne48eh8ctl70usw9am72
9,addr1qya028gsyh32tu7csk9pvdhc0cdpervrgxa5jy9da47vft5fnwsx0gfk2nk0yzsdjvmdv6jfjppegy22fmwt6k47jj2qffu29u
9,addr1q89eyrneedqrzqrukjxl56pqcrk06dc836ygd7n4xhret5asvpahss697t8fl29wdqlg3v67g58wddcmm96ucaun9a2qk5qyet
1,addr1q89d0zdda8yhfw2ky6ua0jkh7zzfwtygkpyth97ftmqr0at805yjysy7cumjpe5srvzkr2xj88fnsmq7tkpa8vqs4fgswk92ls
9,addr1qymwspjngwt90mp8726ymuctjspxd42ex5n5n3l5dxjjtrz70led5333ln2u9s7cwszaggj9t0emlvnp2h0rkvundpvq6sq8zh
9,addr1q9trx3ke847vya9ujs5fum56sdn6p7pje3xe5cvft6eeuhgzyaxzjh64glds6qqw37us0q7sdl3wkks820mfqmgx2t5swyyrfz
9,addr1qyeyyrryeegxua78gnra3e09yzt2sfxwppyglyfd9qum9wpwfsagzt76wa79xge0y6c89wsauzu6derhf3a3fl9y3vqsatq6yf
9,addr1qxg4xpdj8ylfg5dl0d5ej7y9l2k4npzlxsygznk5ww49mwzlr2gp2dq9t03xvxct66ftswnknwxm5qtuwhy2vcn7rm3su64h8g
3,addr1qy5un7gx0vrhm6alc6yh8f584xrcjtyz4ag5vypptzwqh6krjfjflkydras05krl0r8wzs6l3l55729a05dryxw7vm7qzdvrp5
9,addr1qxuntsqg6tjz0323zgjzvjzc2h3vxfwqpurdeljjphj5qjcvk4aygvrc0h6k3l8m9rcsqw4jjd52st8m4kcxjtp5w2rq4u4jm8
9,addr1qyl3t275xm9arxedf926wshhc7gjqqdqyw66jsg0xugl03m7ylpk9f62rnah9xxcj8uz2vqh38jypcdnjghgzrlzq02qfuhpne
2,addr1q9avuurcxuqnywlylfxmt96eqcdpg5gd0zvzrpjms097e0p9g8dpswpkwwx36akgr3ekt88md3f70kn7hst25cj2rj2s4c9gqu
2,addr1qx7g2k4pl2qnpnwvmm6uxckvvahlpkd0u3urz4g3dy82ugljp66grqm7v75dykepu2h6xr67zznncy2kxup8dhxcefjqfg0676
2,addr1q9nlvzmmzct8sqstl53snrfcspdccu8n96j45htg0srap74rnqwhd64rrat6386m3swyapt34ng7ztftqk99vutvy60qxj9htj
2,addr1qxl7n5lp7we9820q0xlhlzsy492l7a79avzj98lrt2nfvfatzmaqtfxj2clj52nuufpwsgr0gzeulw0h89dpz6avf4tqan0wys
2,addr1q8nlleqtcus8lw3tqvsnargwynlqqnxfqusexehegkp3rzyeyxt0taatmgrg5h4tnj2zuh99wru74jxgxuuv2cpxz2vshkl8q0
2,addr1qy9vu3f368dppv0z49jcr83qxeavpq85tyvqwxqvt6dldcj202x9equl8j7zjwq2q5dq00qgeuthusgaxz0zglq3jy6q9u3g4e
2,addr1qyvr4qv6t20laesnytfcu4hxptemxf7dwn5my5a4asvq326ymu3cq2vqsdd9xdn33ehkfd43g0jn3m7zuhlygv52an6sh2eec6
5,addr1q9w9s0z82ccggeqjhcxtpnyq5rwt0v99r7u4yzn6v5qnnpf0zcqthvtvrv4eu0z8d35vuskzwmcvd6agx0pjl536x2xshxd43c
5,addr1qy8gz5r02ma8m8wrer7802e5n5uaclu2czev8lx9exg2naf2knpa57qsy5xsvj2fu62selcd3upxnhavgnfphkh2z9zs345mxs
5,addr1qxdy7mf2cp7jxvgcn59wrxx58md8d8c805ly8rkwsk5nnj9dudzj35h8c9ft3wa4727khw79r2qxqg2c6ynattlc6wsqxtj0as
5,addr1q9n0t0agm6lwhhsl98j8hejf39rmkrfcskayx85nappz87mwltrn59yg7h9wgeact9pfu6kgzy34gxypc6pxlu9q2tjsdvaf27
5,addr1qx5chtqkgp60ng7t9vacrqhn8t7j45fnpy7v6nfyt2tmrmm6rv7mkx662n39ldkctx2935g2lqhg42h9f4t9v86zftvsrxatym
5,addr1qyv49yrjzypkzdjglhzysjvu8dckg37v0309m3t7ta594rjjjwzcfen4wve8s4he4sexme07kpnzy4r3lnlazkq9nvrszwmqxc
5,addr1q85x6jgjhzye0nqjw9rdc69c9wkmddkuha3cutna0yx2mtltl2ap3czd6epkv39gsnt8fl5pejjekatrw0flxk4zfs4swru3z5
5,addr1q90me6mndnz053wn9s4qpwzemajydqamxq9gjexde0cflujjmuhpjc97vasp3gpajjteyql3ywrdsscmtptmpxhgqsastsfehj
5,addr1q8hw2e5tdscx3expnma8xn2yjvm5smu8paflutwp7fkdmgakx7nje839xwy0rtvy3ygkjceg0g0dgw38xr28hhthhmmsm9amta
5,addr1qx3q0aycfaee35yq0kvj5hzllfwmxsyex2w0ds73pnjfxpn9pnvcle8aw47rfmqllrsk8rthvxjhyjm3rpul2kqpkwyq6csvc3
5,addr1qyca5d2t8urwvmvf02mv7cvxh92lc2543ml87defc5uqy6p08s37er9humz0zhn58ffnf7huyj0zy3vursvvkaal4jgq7cmrwx
5,addr1qyyqtats383l0rdglwhkjxjuqqgs2ea9vj77ma4l24c5gx4cqqcn42tcxx4dh5zf8qfzy34ztunmtzpceuurmmn48ffs4z480k
5,addr1q8lvl04lk8kunxj3xhj7u84v4dgkk9w73dp2y4vhgl4k06cxj6ut4tk0gdzh6d3gx7t0stmjr97u849s4dajumdgfuast03k2e
5,addr1q88j2yqdewznxm2kyv40apu86zmkwng0x2kd2paztw9azpvva6tyejp2k6hkvnd8w42xplc44qkyfrhjr6p35eupp8lsade6xp
5,addr1qxhju0nfcclekj9wqqql7ppvrul2aggnqc2qqaah082w5fac4thj0k7s5su89p6pmusamwhd09hh8nlyjrd2pams6sqqx65kuj
5,addr1qyqpv4lmchfnfxyaelc5a9hmm4qgqdnrtelnnkkngcea30hkn04cd56nxmc6t5ukkhr98nwwgwfs45m27c74tpl8ytqs7mvwkt
5,addr1q9a0df7h663hnyh567xmtd7ump95axjr8asa0cw47ec586el8fhe5phc0dwrj4ruu97eukp9reeph5rymrdd7mwlqa9qc67csm
5,addr1qxmaxlra6r35xksq7ft7v3u6gt6854nk74n5egy3gz5ekvyk7f95my0e48qzzvfu63f6lrzgw8lzuc2heqwffs8hfecqr79fm5
5,addr1qygxy6xmnq2m7w0nvwke6yccnaaaxklz3l4t5fax6pe0svaksmc026m047querqt38tdrlay450y3nfdu78gqxcjzsuszkgpl5
5,addr1qyj0uexhf3um4mh7gg0kvpyf22zmythzn8lac036s87sxcreupuj6v2g53mrrpqnuad2ka8dx3r45vhc4epxym5vyngqvusf7c
5,addr1qyz6ne7rm4d65p7h3n4mwvv8xg79dcqm4x07pt4cgfns2uyhynwnzdgr09tnhgh60yhn4cu5m6f6gtp0qfjyzr68rfmq92wrkd
5,addr1qy0t7lmm9yckky3q7srm09pdgz63jzzjjq4hr8s0zadrk6ywz0uw887hum2as9m5eeu6lzsmn3peg4ksd5n7y6qcfnequ0xa03
8,addr1qx70xrjx7qpwgnlfsdvjgsn78jk0kpn7y4qfa5my0l3grks4jr6yv6m9pyejns0z3aeqk2fe3n87xw9e55ys57t0rt8qpe7plp
8,addr1q8wmcdvnn85t943j2r9und0aw3rdccela9krzu6f6nfukwye26p2ezhl5p2gjugcrvd7chjf5dryjydfl79vg057qx9ssgaz22
5,addr1q88pskl9fpny303gf3r9f7jpvwhuqj2cz48w3asrzmrseg78tk0lv6aarefclcrs0ch8reu6jj2kzesdsxnt0x59y3ys8xv86f
8,addr1q8l05ag4j5caq78648ha0u0zufmsykwnnk80c0ktn30qzuj7kwf97qgzhfdmd73lu4s66gnal8asaxywzc9u9p0f84dsp9qp4e
8,addr1q9sfy22muc9rum7u9cytc5dga4sy07jlattznafhnvu9clphlj88jecpj2vkwyhy27h9na4pumuukwmel6evgletn77s557ate
8,addr1qyd9a2l8jwstzu5ss423qj9ul47t9kzah4vtvyjtqfvmaaadqzct2pmfc8pk0k7kc6695c57z2u9yk3xetln20yaqjgsyvw79c
8,addr1qyjl80mkqsqq5d6d8nuul0qksxwsh5nklwcww60p0aq8nm0se4gdh8l96ujk9g4etthh5w5qp6n3wy8rd4aa652s72jqyw2rc8
8,addr1qxar5lmpz6wa43xx0kwcr6xt6qgvvhgd0c2gxkj7faw6mzvm4wep7cnvnkjrcm60n28v9maxfweq23xl4fzlg0gu3llqx5wzzj
8,addr1q8whpwrdemqwlpux0x9v0436qeam44j2k9v2265m3sr0m4p43t29xzgvvc6xwzurz535mucazyyaeclsmansdrvxwj3s72xr9j
8,addr1qyuahjnttj5lec03xg478egw48zy3wvuc8vxfvj2wz9yr3f54mx49rrw74gsfl2ewjsxweuqm0tdlawuhm5kgwpvlq3s6e3e83
8,addr1qy4wy5z4yc283zqzuh2vnk7fzcdy7f22rw8ucafv6qz5srpwxwl93kd8c2tlx7zujgeptuy2xy29smd8tjhtgmnurh9sfumf5n
8,addr1qyt5aluxuu4t7r2jckmvuxqmzp5056h6v90dv3pl2wqraza43ed6n92ngkgn2q890cc6pgsgp2adzce0a60svs388h5qy2pyyf
8,addr1q884kqc4u7smw4m55ap0fv5glgds3lnnztc7m6pnseze84emfzwqcupk985p04cyg7w9uhyj94086vd0ww07twsfnx8sus6eg7
8,addr1q8grtehv4mm65zw4z3z757c805e0wg7yzgdxxpjkykf80mcuvc4mydqjc2y2gs49exv5gnld5ldwfmvma6h40n44er4qmtq22c
8,addr1q9xuerfl38kq382pcqpklru835c7u5d4jr7h04tzf60g7xe7qjfd2adk0nfh58fawt7wuqd9gz6xayhmp8nspkdamrcqvat33r
8,addr1qx2t07eeffgw7la6htdgq5lzsthvet7h35047kzwjxttanry50hutxm0fcnf3rl6gyztdwsu7u8kcg40vvpsgfkjk5lqysp0aa
8,addr1qyxz0lmn876zkzmt0x2zaccq268d9kmd73fwljcvfvfcjrvtl6a5m3dwzh3n7k33j0qjyzaqe3u082n8e97s2lvspafsyqzyz9
8,addr1q8cmd6ys637686qt6zc8lq82wddf72kk3fd8ae2pqr7rv2jy8dggvy5dac7weu09e0c3uygdvcaq44vugs7yt7ujhxjsk986e9
8,addr1q9ftvtdxam32rkd8ttr0duv47jqneqq0x2cwmu47nxflluccrl99s2uhf3u4q8lh9ycwg23kudzggp20s7ykv97lc2zsklgw72
8,addr1q8wmq35kzkdy23klzx369pll3cmv9falznss4tl9vjze0vkmed62u2ku0233u4lmneeqrjr047nzu79d9x45a64z65usc32f85
8,addr1qyp9czwl6lq3qa3r867eny5kkasf5pqtykpwkygpn6ckpz035zqmu4xxe3zhzq5grvevvkhkr76rhafaxdgap50k7pwsx8n2ft
8,addr1qxz83fhjzg7e9r3lsd3h67k0aufzw0sl3k5y383k8fja5xuc4dfus25sedmawd28pf9qulqrxw757hsvg3vefm68r5cqzlvzwe
8,addr1qyw2encx4k79xut0cm3nswjq0ds0nfg8smwyk3xmf65z6z348f9dwrw3na4y5c2jumjvz39ep5qc0mxu8tyem320ca3spxgau5
10,addr1q99qvq9fe904sk0zheafngz9nsm2wngxg9l5wy40wlhte4wlmrm03jsdpwqqyxc55tex8dqv4a5dvehj4masevjdfzfqqdru6d
10,addr1qxq3dena2q2rw5yr5yuthdkxtu9p9lpqxq74tn4fsjjj0z8206u8lrrthlr76x3xr7dgm0y9kndvxu8kgnp4z23pnlfqaqvxwq
10,addr1qxsdwdnpvxyhkwzu8q8usnn4zct38pfnzqvlwaegs7yts50apjq3yrwtwl0tv0yvdl6nlazuet4ep6vnjvr8qzkt0vhsmwjjde
10,addr1qyxw4ca4nnc34pyz3lkujelwdwdq9z6uy90590l0ne9tg4ll4c6xcfvl5avyc0wll6q47g2cw6z4qq29e8endl60p2wqef4l2x
10,addr1qxp75wedh5qcrl5dc763tc9g25xc477kzw59msk9zhmjwx0duq0pjesgs7rfwqe0l4pysynql03p3se24a3x6xrkr86sxe50vw
10,addr1qxw480vfdsq9vx6encdt0n8z8d9lutefjqsmq0qrdust5gt3wqj2dcmz6sfvw469tn692td65w7mewzaxn4t8ly774wsgs0v75
10,addr1q92a2fw029wxc4vpcet0zv39z8nvd9gdxlaxdzr6w3k82fkh7urw8app5z09kzquppj9n5y5v256fz6xxpc7c04qxwyqn79uph
10,addr1q9p0j226n79ndvdcg9h46dwk2w3pq7wrkt268x4cup83qflkzzgryxv287nv7vrq5h7reaz0v7fyjy6a4hf3std33fms8rvsle
10,addr1q9kqsrgssy3wldtn5nr8vu4tzmq39fslddprrkq94f3drxm0t76tusjuykqzstejvq2kevnv8c7pnpaag6zvwzlc2yjq7chpk3
10,addr1qx932l26t3q2mxhz7dahyeqp3qzpqyaucna4gpewcl88vuhk5uv3ey0sxz7c88fsh0zt0fuy2mest49v5v8kkyway32qm86df9
10,addr1q8ztlwzlhugkw3kw8le3prd4ffk7d2rzfm4prr3q8yv0qlsm28tlw657refmw09ujeg0srkth22vmq3wag0c3hgw8v6sjpydrn
10,addr1qywau28p8ecr0j5prfzl5s0lhfrq33y6svnq7xle0287a0rx99fa0k3hrulka7nh6n669tdeytvth6msa355ye2n85yqn8mwft
10,addr1qx76fqgq205rne2h2qx8s9qys9ywxh5ax6ntfrh8wx3tmuhg2nrp3reynum9twy3qnkm24xvnqc0n3frqs7z64zs5hdsds03wv
10,addr1qx44lcaux9hw9xqx954mpjefuvtmtwy73922f4yqg9m5zyec8mtase4ztvjvq40578pjwuc5zr3t2e5lspn4lt6dx7fsp7v5w8
10,addr1q9yh0ze6gn4tsxntu5flfmsjf829632pj5xj5kcle25kjxlm6jaj2zz7jh9cjqylkv77npz06fdt9xydyvxry4xfaqxsm4s6qv
8,addr1q97h5ang0wy75xaj89mqzcrt8e5afc5c5msxkgpqejrxxym80s6hke6mhawl4grkhgs2rrtumv3jfex4p0xhmln8a4kqh9yxgc
